<?xml version="1.0" encoding="UTF-8"?>
<project-private xmlns="http://www.netbeans.org/ns/project-private/1">
    <editor-bookmarks xmlns="http://www.netbeans.org/ns/editor-bookmarks/2" lastBookmarkId="0"/>
    <open-files xmlns="http://www.netbeans.org/ns/projectui-open-files/2">
        <group>
            <file>file:/C:/Users/Admin/Documents/Sanjita%20Berde%2012/WebApplication1/src/java/create.java</file>
            <file>file:/C:/Users/Admin/Documents/Sanjita%20Berde%2012/WebApplication1/src/java/update1.java</file>
            <file>file:/C:/Users/Admin/Documents/Sanjita%20Berde%2012/WebApplication1/src/java/delete.java</file>
            <file>file:/C:/Users/Admin/Documents/Sanjita%20Berde%2012/WebApplication1/web/index.jsp</file>
            <file>file:/C:/Users/Admin/Documents/Sanjita%20Berde%2012/WebApplication1/web/update_record.jsp</file>
        </group>
    </open-files>
</project-private>
